A_If_ratio,B_If_ratio,A_Loop_ratio,B_Loop_ratio,A_Assign_ratio,B_Assign_ratio,A_Return_ratio,B_Return_ratio,A_Compare_ratio,B_Compare_ratio,A_AST_Depth,B_AST_Depth,A_AST_Diversity,B_AST_Diversity,A_Unique_Identifiers,B_Unique_Identifiers,A_CFG_Nodes,B_CFG_Nodes,A_CFG_Edges,B_CFG_Edges,A_Cyclomatic,B_Cyclomatic,A_Branch_Density,B_Branch_Density,A_LOC,B_LOC,A_Keyword_Ratio,B_Keyword_Ratio,A_Operator_Ratio,B_Operator_Ratio,A_Unique_Keyword_Count,B_Unique_Keyword_Count,A_Unique_Operator_Count,B_Unique_Operator_Count,AST_Depth_Diff,CFG_Node_Diff,LOC_Diff,Unique_Identifiers_Diff,Keyword_Ratio_Diff,Operator_Ratio_Diff,Unique_Keyword_Count_Diff,Unique_Operator_Count_Diff,Flow_Path_Bin,Label
0.0,0.0,0.04,0.058823529411764705,0.08,0.0,0.0,0.0,0.04,0.0,7,7,0.12,0.058823529411764705,1,1,7,5,7,5,2,2,0.2857142857142857,0.4,5,3,0.09523809523809523,0.1111111111111111,0.14285714285714285,0.05555555555555555,2,2,3,1,0,2,2,0,0.015873015873015872,0.0873015873015873,0,2,2,1
0.0,0.0,0.058823529411764705,0.04,0.0,0.08,0.0,0.0,0.0,0.04,7,7,0.058823529411764705,0.12,1,1,5,7,5,7,2,2,0.4,0.2857142857142857,3,5,0.1111111111111111,0.09523809523809523,0.05555555555555555,0.14285714285714285,2,2,1,3,0,2,2,0,0.015873015873015872,0.0873015873015873,0,2,2,1
0.07692307692307693,0.0,0.0,0.0,0.0,0.0,0.07692307692307693,0.08333333333333333,0.07692307692307693,0.0,6,6,0.23076923076923078,0.16666666666666666,1,2,5,3,6,2,3,1,0.6,0.3333333333333333,3,2,0.23076923076923078,0.16666666666666666,0.07692307692307693,0.08333333333333333,3,2,1,1,0,2,1,1,0.06410256410256412,0.006410256410256401,1,0,0,0
0.0,0.0,0.0,0.0,0.0,0.0,0.08333333333333333,0.08333333333333333,0.0,0.0,6,6,0.16666666666666666,0.16666666666666666,2,2,3,3,2,2,1,1,0.3333333333333333,0.3333333333333333,2,2,0.16666666666666666,0.16666666666666666,0.08333333333333333,0.08333333333333333,2,2,1,1,0,0,0,0,0.0,0.0,0,0,2,1
0.0,0.0,0.05555555555555555,0.038461538461538464,0.0,0.07692307692307693,0.0,0.0,0.0,0.038461538461538464,7,7,0.05555555555555555,0.11538461538461539,2,2,5,7,5,7,2,2,0.4,0.2857142857142857,3,5,0.1111111111111111,0.09523809523809523,0.05555555555555555,0.14285714285714285,2,2,1,3,0,2,2,0,0.015873015873015872,0.0873015873015873,0,2,2,1
0.0,0.0,0.06666666666666667,0.030303030303030304,0.0,0.06060606060606061,0.0,0.0,0.0,0.030303030303030304,7,8,0.06666666666666667,0.09090909090909091,2,2,5,7,5,7,2,2,0.4,0.2857142857142857,3,5,0.13333333333333333,0.07407407407407407,0.06666666666666667,0.1111111111111111,2,2,1,3,1,2,2,0,0.05925925925925926,0.04444444444444444,0,2,2,1
0.05555555555555555,0.0,0.0,0.0,0.0,0.0,0.1111111111111111,0.058823529411764705,0.05555555555555555,0.058823529411764705,6,7,0.16666666666666666,0.11764705882352941,2,2,6,3,7,2,3,1,0.5,0.3333333333333333,4,2,0.17647058823529413,0.25,0.058823529411764705,0.0625,3,4,1,1,1,3,2,0,0.07352941176470587,0.003676470588235295,1,0,0,1
0.0,0.07692307692307693,0.05555555555555555,0.0,0.0,0.0,0.0,0.07692307692307693,0.0,0.07692307692307693,7,6,0.05555555555555555,0.23076923076923078,2,1,5,5,5,6,2,3,0.4,0.6,3,3,0.1111111111111111,0.23076923076923078,0.05555555555555555,0.07692307692307693,2,3,1,1,1,0,0,1,0.11965811965811968,0.021367521367521375,1,0,0,0
0.0,0.0,0.0,0.0,0.0,0.0,0.08333333333333333,0.1,0.0,0.0,6,7,0.16666666666666666,0.1,2,1,3,3,2,2,1,1,0.3333333333333333,0.3333333333333333,2,2,0.16666666666666666,0.16666666666666666,0.08333333333333333,0.0,2,2,1,0,1,0,0,1,0.0,0.08333333333333333,0,1,2,0
0.04,0.0,0.0,0.05555555555555555,0.0,0.0,0.08,0.0,0.04,0.0,8,7,0.16,0.05555555555555555,2,2,6,5,7,5,3,2,0.5,0.4,4,3,0.13636363636363635,0.1111111111111111,0.13636363636363635,0.05555555555555555,3,2,3,1,1,1,1,0,0.02525252525252525,0.0808080808080808,1,2,0,0
0.037037037037037035,0.02857142857142857,0.037037037037037035,0.02857142857142857,0.0,0.05714285714285714,0.0,0.0,0.037037037037037035,0.05714285714285714,8,8,0.14814814814814814,0.14285714285714285,2,2,7,9,8,10,3,3,0.42857142857142855,0.3333333333333333,4,6,0.12,0.10714285714285714,0.12,0.17857142857142858,3,3,3,5,0,2,2,0,0.012857142857142859,0.05857142857142858,0,2,2,1
0.0,0.0,0.04,0.027777777777777776,0.08,0.1111111111111111,0.04,0.027777777777777776,0.0,0.027777777777777776,6,7,0.12,0.1388888888888889,3,3,7,9,7,9,2,2,0.2857142857142857,0.2222222222222222,5,7,0.13636363636363635,0.1111111111111111,0.13636363636363635,0.14814814814814814,3,3,3,4,1,2,2,0,0.02525252525252525,0.011784511784511786,0,1,2,1
0.037037037037037035,0.022222222222222223,0.037037037037037035,0.022222222222222223,0.07407407407407407,0.08888888888888889,0.037037037037037035,0.022222222222222223,0.037037037037037035,0.044444444444444446,7,8,0.18518518518518517,0.1111111111111111,3,3,9,11,10,12,3,3,0.3333333333333333,0.2727272727272727,6,8,0.16666666666666666,0.1111111111111111,0.16666666666666666,0.1111111111111111,4,4,4,4,1,2,2,0,0.05555555555555555,0.05555555555555555,0,0,2,1
0.03125,0.018518518518518517,0.03125,0.018518518518518517,0.0625,0.07407407407407407,0.03125,0.018518518518518517,0.03125,0.037037037037037035,7,8,0.15625,0.09259259259259259,3,3,9,11,10,12,3,3,0.3333333333333333,0.2727272727272727,6,8,0.14814814814814814,0.09523809523809523,0.1111111111111111,0.09523809523809523,4,4,3,4,1,2,2,0,0.05291005291005291,0.015873015873015872,0,1,2,1
0.0,0.0,0.0,0.034482758620689655,0.0,0.034482758620689655,0.058823529411764705,0.034482758620689655,0.0,0.0,7,8,0.11764705882352941,0.13793103448275862,2,3,3,7,2,7,1,2,0.3333333333333333,0.2857142857142857,2,5,0.1875,0.12,0.125,0.12,3,3,2,3,1,4,3,1,0.0675,0.0050000000000000044,0,1,0,1
0.05263157894736842,0.02702702702702703,0.05263157894736842,0.02702702702702703,0.0,0.05405405405405406,0.10526315789473684,0.05405405405405406,0.05263157894736842,0.05405405405405406,7,8,0.21052631578947367,0.13513513513513514,2,2,8,10,10,12,4,4,0.5,0.4,5,7,0.2,0.125,0.1,0.125,4,4,2,4,1,2,2,0,0.07500000000000001,0.024999999999999994,0,2,2,1
0.0,0.0,0.05555555555555555,0.0,0.0,0.0,0.0,0.09090909090909091,0.0,0.0,7,6,0.05555555555555555,0.18181818181818182,2,1,5,3,5,2,2,1,0.4,0.3333333333333333,3,2,0.1111111111111111,0.2,0.05555555555555555,0.1,2,2,1,1,1,2,1,1,0.0888888888888889,0.04444444444444445,0,0,0,0
0.04,0.037037037037037035,0.0,0.037037037037037035,0.0,0.0,0.08,0.0,0.04,0.037037037037037035,8,8,0.16,0.14814814814814814,2,2,6,7,7,8,3,3,0.5,0.42857142857142855,4,4,0.13636363636363635,0.12,0.13636363636363635,0.12,3,3,3,3,0,1,0,0,0.016363636363636358,0.016363636363636358,0,0,0,0
0.0,0.0,0.0,0.0,0.0,0.0,0.07692307692307693,0.1,0.07692307692307693,0.0,7,7,0.23076923076923078,0.1,1,1,3,3,2,2,1,1,0.3333333333333333,0.3333333333333333,2,2,0.16666666666666666,0.16666666666666666,0.16666666666666666,0.0,2,2,2,0,0,0,0,0,0.0,0.16666666666666666,0,2,2,0
0.0,0.0,0.0,0.0,0.0,0.0,0.1,0.1,0.0,0.0,6,6,0.1,0.1,1,1,3,3,2,2,1,1,0.3333333333333333,0.3333333333333333,2,2,0.18181818181818182,0.18181818181818182,0.0,0.0,2,2,0,0,0,0,0,0,0.0,0.0,0,0,2,0
0.047619047619047616,0.0,0.047619047619047616,0.0,0.0,0.0,0.09523809523809523,0.1,0.047619047619047616,0.0,7,6,0.19047619047619047,0.1,3,1,8,3,10,2,4,1,0.5,0.3333333333333333,5,2,0.18181818181818182,0.18181818181818182,0.09090909090909091,0.0,4,2,2,0,1,5,3,2,0.0,0.09090909090909091,2,2,0,0
0.0,0.0,0.0,0.0,0.0,0.0,0.06666666666666667,0.1111111111111111,0.0,0.0,7,6,0.13333333333333333,0.1111111111111111,1,1,3,3,2,2,1,1,0.3333333333333333,0.3333333333333333,2,2,0.16666666666666666,0.2222222222222222,0.08333333333333333,0.1111111111111111,2,2,1,1,1,0,0,0,0.05555555555555555,0.027777777777777776,0,0,2,0
0.05263157894736842,0.05263157894736842,0.05263157894736842,0.05263157894736842,0.0,0.0,0.10526315789473684,0.10526315789473684,0.05263157894736842,0.05263157894736842,7,7,0.21052631578947367,0.21052631578947367,2,2,8,8,10,10,4,4,0.5,0.5,5,5,0.2,0.2,0.1,0.1,4,4,2,2,0,0,0,0,0.0,0.0,0,0,2,0
0.0,0.0,0.0,0.0,0.0,0.0,0.0,0.2,0.0,0.0,6,4,0.0,0.2,0,0,3,3,2,2,1,1,0.3333333333333333,0.3333333333333333,2,2,0.1111111111111111,0.2857142857142857,0.0,0.0,1,2,0,0,2,0,0,0,0.1746031746031746,0.0,1,0,0,0
0.0,0.0,0.0,0.0,0.0,0.0,0.08333333333333333,0.08333333333333333,0.0,0.0,6,6,0.16666666666666666,0.16666666666666666,2,2,3,3,2,2,1,1,0.3333333333333333,0.3333333333333333,2,2,0.16666666666666666,0.16666666666666666,0.08333333333333333,0.08333333333333333,2,2,1,1,0,0,0,0,0.0,0.0,0,0,2,0
0.037037037037037035,0.022222222222222223,0.037037037037037035,0.022222222222222223,0.07407407407407407,0.08888888888888889,0.037037037037037035,0.022222222222222223,0.037037037037037035,0.044444444444444446,7,8,0.18518518518518517,0.1111111111111111,3,3,9,11,10,12,3,3,0.3333333333333333,0.2727272727272727,6,8,0.16666666666666666,0.1111111111111111,0.16666666666666666,0.08333333333333333,4,4,4,3,1,2,2,0,0.05555555555555555,0.08333333333333333,0,1,2,1
0.0,0.0,0.0,0.0,0.0,0.0625,0.1,0.0625,0.0,0.0,6,6,0.2,0.1875,1,2,3,4,2,3,1,1,0.3333333333333333,0.25,2,3,0.2,0.15384615384615385,0.1,0.15384615384615385,2,2,1,2,0,1,1,1,0.046153846153846156,0.05384615384615385,0,1,2,1
0.029411764705882353,0.023809523809523808,0.029411764705882353,0.023809523809523808,0.058823529411764705,0.09523809523809523,0.029411764705882353,0.023809523809523808,0.029411764705882353,0.047619047619047616,8,8,0.17647058823529413,0.14285714285714285,3,3,9,11,10,12,3,3,0.3333333333333333,0.2727272727272727,6,8,0.13793103448275862,0.125,0.1724137931034483,0.15625,4,4,5,5,0,2,2,0,0.012931034482758619,0.016163793103448287,0,0,2,1
0.047619047619047616,0.0,0.047619047619047616,0.0,0.0,0.0,0.09523809523809523,0.08333333333333333,0.047619047619047616,0.08333333333333333,7,6,0.19047619047619047,0.16666666666666666,3,2,8,3,10,2,4,1,0.5,0.3333333333333333,5,2,0.18181818181818182,0.16666666666666666,0.09090909090909091,0.08333333333333333,4,2,2,1,1,5,3,1,0.015151515151515166,0.007575757575757583,2,1,0,1
0.0,0.07142857142857142,0.0,0.0,0.0,0.0,0.1,0.14285714285714285,0.1,0.07142857142857142,6,6,0.2,0.21428571428571427,1,1,3,6,2,7,1,3,0.3333333333333333,0.5,2,4,0.2,0.2,0.1,0.06666666666666667,2,3,1,1,0,3,2,0,0.0,0.03333333333333334,1,0,0,1
0.0,0.0,0.0,0.0,0.0,0.06666666666666667,0.05,0.03333333333333333,0.0,0.0,7,6,0.1,0.1,2,4,3,5,2,4,1,1,0.3333333333333333,0.2,2,4,0.125,0.09090909090909091,0.125,0.13636363636363635,2,2,2,3,1,2,2,2,0.03409090909090909,0.011363636363636354,0,1,2,1
0.0,0.0,0.0,0.06666666666666667,0.0,0.0,0.1,0.0,0.0,0.0,6,7,0.1,0.06666666666666667,1,2,3,5,2,5,1,2,0.3333333333333333,0.4,2,3,0.18181818181818182,0.13333333333333333,0.0,0.06666666666666667,2,2,0,1,1,2,1,1,0.04848484848484849,0.06666666666666667,0,1,0,0
0.04,0.0,0.0,0.0,0.0,0.0,0.08,0.07692307692307693,0.04,0.0,8,7,0.16,0.07692307692307693,2,1,6,3,7,2,3,1,0.5,0.3333333333333333,4,2,0.13636363636363635,0.14285714285714285,0.13636363636363635,0.07142857142857142,3,2,3,1,1,3,2,1,0.006493506493506496,0.06493506493506493,1,2,0,0
0.05714285714285714,0.0,0.02857142857142857,0.0,0.0,0.0,0.08571428571428572,0.058823529411764705,0.05714285714285714,0.058823529411764705,8,7,0.14285714285714285,0.11764705882352941,2,2,11,3,15,2,6,1,0.5454545454545454,0.3333333333333333,7,2,0.11764705882352941,0.25,0.11764705882352941,0.0625,4,4,4,1,1,8,5,0,0.1323529411764706,0.05514705882352941,0,3,0,0
0.0,0.0,0.0,0.0,0.05555555555555555,0.0,0.05555555555555555,0.09090909090909091,0.0,0.0,7,6,0.1111111111111111,0.18181818181818182,2,1,4,3,3,2,1,1,0.25,0.3333333333333333,3,2,0.1111111111111111,0.2,0.05555555555555555,0.1,2,2,1,1,1,1,1,1,0.0888888888888889,0.04444444444444445,0,0,2,0
0.022222222222222223,0.017857142857142856,0.022222222222222223,0.017857142857142856,0.06666666666666667,0.08928571428571429,0.0,0.0,0.022222222222222223,0.03571428571428571,7,7,0.1111111111111111,0.08928571428571429,3,3,11,13,12,14,3,3,0.2727272727272727,0.23076923076923078,7,9,0.058823529411764705,0.05128205128205128,0.14705882352941177,0.15384615384615385,2,2,5,6,0,2,2,0,0.007541478129713425,0.006787330316742085,0,1,2,1
0.047619047619047616,0.0,0.0,0.05263157894736842,0.047619047619047616,0.05263157894736842,0.0,0.0,0.047619047619047616,0.0,6,6,0.14285714285714285,0.10526315789473684,1,2,6,6,6,6,2,2,0.3333333333333333,0.3333333333333333,5,3,0.1111111111111111,0.06666666666666667,0.1111111111111111,0.13333333333333333,2,1,2,2,0,0,2,1,0.04444444444444444,0.022222222222222227,1,0,0,0
0.0,0.0,0.0,0.0,0.09375,0.10526315789473684,0.0,0.0,0.0,0.0,6,6,0.0625,0.05263157894736842,3,2,6,5,5,4,1,1,0.16666666666666666,0.2,4,3,0.0,0.0,0.15789473684210525,0.07142857142857142,0,0,3,1,0,1,1,1,0.0,0.08646616541353383,0,2,2,0
0.0,0.0,0.0,0.03333333333333333,0.045454545454545456,0.1,0.0,0.0,0.0,0.0,6,5,0.045454545454545456,0.06666666666666667,1,3,5,8,4,8,1,2,0.2,0.25,3,5,0.0,0.038461538461538464,0.05,0.11538461538461539,0,1,1,3,1,3,2,2,0.038461538461538464,0.06538461538461539,1,2,0,0
0.025,0.0,0.025,0.0,0.075,0.09090909090909091,0.0,0.0,0.025,0.045454545454545456,7,6,0.125,0.13636363636363635,3,2,10,5,11,4,3,1,0.3,0.2,7,3,0.08333333333333333,0.0,0.1111111111111111,0.21428571428571427,3,0,4,3,1,5,4,1,0.08333333333333333,0.10317460317460317,3,1,0,0
0.023255813953488372,0.015625,0.023255813953488372,0.015625,0.06976744186046512,0.078125,0.0,0.0,0.023255813953488372,0.03125,6,7,0.09302325581395349,0.078125,3,3,10,12,11,13,3,3,0.3,0.25,6,8,0.05128205128205128,0.03773584905660377,0.1282051282051282,0.11320754716981132,2,2,5,6,1,2,2,0,0.013546202225447508,0.01499758103531687,0,1,2,1
0.024390243902439025,0.016129032258064516,0.024390243902439025,0.016129032258064516,0.07317073170731707,0.08064516129032258,0.0,0.0,0.024390243902439025,0.03225806451612903,6,7,0.0975609756097561,0.08064516129032258,3,3,10,12,10,12,2,2,0.2,0.16666666666666666,7,9,0.07894736842105263,0.057692307692307696,0.10526315789473684,0.09615384615384616,3,3,4,5,1,2,2,0,0.02125506072874493,0.009109311740890677,0,1,2,1
0.023255813953488372,0.015384615384615385,0.023255813953488372,0.015384615384615385,0.06976744186046512,0.07692307692307693,0.0,0.0,0.023255813953488372,0.03076923076923077,6,7,0.09302325581395349,0.06153846153846154,3,3,10,12,11,13,3,3,0.3,0.25,6,8,0.05263157894736842,0.03773584905660377,0.07894736842105263,0.05660377358490566,2,2,3,3,1,2,2,0,0.014895729890764646,0.022343594836146966,0,0,2,1
0.0,0.0,0.03125,0.018867924528301886,0.09375,0.09433962264150944,0.0,0.0,0.0,0.018867924528301886,5,7,0.0625,0.07547169811320754,3,3,8,10,8,10,2,2,0.25,0.2,5,7,0.03571428571428571,0.023809523809523808,0.10714285714285714,0.09523809523809523,1,1,3,4,2,2,2,0,0.011904761904761904,0.011904761904761904,0,1,2,0
0.02564102564102564,0.017543859649122806,0.02564102564102564,0.017543859649122806,0.07692307692307693,0.08771929824561403,0.0,0.0,0.02564102564102564,0.03508771929824561,7,8,0.1282051282051282,0.08771929824561403,3,3,10,12,11,13,3,3,0.3,0.25,7,9,0.08823529411764706,0.06521739130434782,0.11764705882352941,0.10869565217391304,3,3,4,5,1,2,2,0,0.02301790281329924,0.00895140664961637,0,1,2,1
0.047619047619047616,0.0,0.0,0.03225806451612903,0.047619047619047616,0.0967741935483871,0.0,0.0,0.047619047619047616,0.0,6,5,0.14285714285714285,0.06451612903225806,1,3,6,8,6,8,2,2,0.3333333333333333,0.25,5,5,0.1111111111111111,0.038461538461538464,0.1111111111111111,0.11538461538461539,2,1,2,3,1,2,0,2,0.07264957264957264,0.004273504273504286,1,1,0,0
0.027777777777777776,0.0,0.027777777777777776,0.0,0.08333333333333333,0.045454545454545456,0.0,0.0,0.027777777777777776,0.0,6,6,0.1111111111111111,0.045454545454545456,3,1,10,5,11,4,3,1,0.3,0.2,7,3,0.09375,0.0,0.09375,0.05,3,0,3,1,0,5,4,2,0.09375,0.04375,3,2,0,0
0.0,0.0,0.0,0.0,0.10526315789473684,0.08695652173913043,0.0,0.0,0.05263157894736842,0.0,5,6,0.10526315789473684,0.08695652173913043,2,2,5,5,4,4,1,1,0.2,0.2,3,3,0.0,0.0,0.16666666666666666,0.14285714285714285,0,0,2,2,1,0,0,0,0.0,0.023809523809523808,0,0,2,0
0.0,0.0,0.034482758620689655,0.0,0.10344827586206896,0.10526315789473684,0.0,0.0,0.0,0.0,5,6,0.06896551724137931,0.05263157894736842,3,2,8,5,8,4,2,1,0.25,0.2,5,3,0.041666666666666664,0.0,0.125,0.07142857142857142,1,0,3,1,1,3,2,1,0.041666666666666664,0.053571428571428575,1,2,0,0
0.02564102564102564,0.02,0.02564102564102564,0.02,0.07692307692307693,0.1,0.0,0.0,0.02564102564102564,0.04,7,7,0.1282051282051282,0.1,3,3,10,12,11,13,3,3,0.3,0.25,6,8,0.06666666666666667,0.05714285714285714,0.16666666666666666,0.17142857142857143,2,2,5,6,0,2,2,0,0.009523809523809525,0.004761904761904773,0,1,2,1
0.03125,0.0,0.03125,0.0,0.09375,0.10526315789473684,0.0,0.0,0.03125,0.0,6,6,0.125,0.05263157894736842,3,2,10,5,11,4,3,1,0.3,0.2,6,3,0.08,0.0,0.12,0.07142857142857142,2,0,3,1,0,5,3,1,0.08,0.04857142857142857,2,2,0,0
0.04081632653061224,0.0,0.02040816326530612,0.0,0.08163265306122448,0.058823529411764705,0.0,0.0,0.04081632653061224,0.058823529411764705,7,7,0.10204081632653061,0.17647058823529413,3,1,13,4,15,3,4,1,0.3076923076923077,0.25,9,2,0.07692307692307693,0.0,0.1282051282051282,0.2727272727272727,3,0,5,3,0,9,7,2,0.07692307692307693,0.1445221445221445,3,2,0,0
0.02564102564102564,0.0,0.02564102564102564,0.03125,0.07692307692307693,0.09375,0.0,0.0,0.02564102564102564,0.0,6,5,0.10256410256410256,0.0625,3,3,10,8,10,8,2,2,0.2,0.25,7,5,0.08823529411764706,0.03571428571428571,0.11764705882352941,0.10714285714285714,3,1,4,3,1,2,2,0,0.05252100840336135,0.010504201680672273,2,1,2,0
0.0,0.0,0.04,0.0,0.12,0.07142857142857142,0.0,0.0,0.0,0.0,5,6,0.08,0.07142857142857142,3,1,8,4,8,3,2,1,0.25,0.25,5,2,0.05555555555555555,0.0,0.16666666666666666,0.1,1,0,3,1,1,4,3,2,0.05555555555555555,0.06666666666666665,1,2,0,0
0.02564102564102564,0.02564102564102564,0.02564102564102564,0.02564102564102564,0.07692307692307693,0.07692307692307693,0.0,0.0,0.02564102564102564,0.02564102564102564,7,7,0.1282051282051282,0.1282051282051282,3,3,10,10,11,11,3,3,0.3,0.3,6,6,0.06666666666666667,0.06666666666666667,0.16666666666666666,0.16666666666666666,2,2,5,5,0,0,0,0,0.0,0.0,0,0,2,1
0.023809523809523808,0.023809523809523808,0.023809523809523808,0.023809523809523808,0.07142857142857142,0.07142857142857142,0.0,0.0,0.023809523809523808,0.023809523809523808,6,6,0.09523809523809523,0.09523809523809523,3,3,10,10,11,11,3,3,0.3,0.3,6,6,0.05555555555555555,0.05555555555555555,0.08333333333333333,0.08333333333333333,2,2,3,3,0,0,0,0,0.0,0.0,0,0,2,1
0.02702702702702703,0.02702702702702703,0.02702702702702703,0.02702702702702703,0.08108108108108109,0.08108108108108109,0.0,0.0,0.02702702702702703,0.02702702702702703,6,6,0.10810810810810811,0.10810810810810811,3,3,10,10,11,11,3,3,0.3,0.3,7,7,0.08823529411764706,0.08823529411764706,0.08823529411764706,0.08823529411764706,3,3,3,3,0,0,0,0,0.0,0.0,0,0,2,1
0.047619047619047616,0.047619047619047616,0.0,0.0,0.047619047619047616,0.047619047619047616,0.0,0.0,0.047619047619047616,0.047619047619047616,6,6,0.14285714285714285,0.14285714285714285,1,1,6,6,6,6,2,2,0.3333333333333333,0.3333333333333333,5,5,0.1111111111111111,0.1111111111111111,0.1111111111111111,0.1111111111111111,2,2,2,2,0,0,0,0,0.0,0.0,0,0,2,1
0.025,0.025,0.025,0.025,0.075,0.075,0.0,0.0,0.025,0.025,6,6,0.1,0.1,3,3,10,10,10,10,2,2,0.2,0.2,7,7,0.08333333333333333,0.08333333333333333,0.1111111111111111,0.1111111111111111,3,3,4,4,0,0,0,0,0.0,0.0,0,0,2,1
0.02564102564102564,0.02564102564102564,0.02564102564102564,0.02564102564102564,0.07692307692307693,0.07692307692307693,0.0,0.0,0.02564102564102564,0.02564102564102564,7,7,0.1282051282051282,0.1282051282051282,3,3,10,10,11,11,3,3,0.3,0.3,7,7,0.08823529411764706,0.08823529411764706,0.11764705882352941,0.11764705882352941,3,3,4,4,0,0,0,0,0.0,0.0,0,0,2,1
0.02564102564102564,0.02040816326530612,0.02564102564102564,0.02040816326530612,0.07692307692307693,0.10204081632653061,0.0,0.0,0.02564102564102564,0.04081632653061224,7,7,0.1282051282051282,0.10204081632653061,3,3,10,12,11,13,3,3,0.3,0.25,7,8,0.08823529411764706,0.06060606060606061,0.11764705882352941,0.18181818181818182,3,2,4,6,0,2,1,0,0.027629233511586457,0.06417112299465241,1,2,2,1
0.0,0.047619047619047616,0.07142857142857142,0.0,0.0,0.047619047619047616,0.0,0.0,0.0,0.047619047619047616,6,6,0.07142857142857142,0.14285714285714285,1,1,5,6,5,6,2,2,0.4,0.3333333333333333,2,5,0.08333333333333333,0.1111111111111111,0.08333333333333333,0.1111111111111111,1,2,1,2,0,1,3,0,0.027777777777777776,0.027777777777777776,1,1,0,0
0.0,0.0,0.0,0.0,0.125,0.07142857142857142,0.0,0.0,0.0,0.0,5,7,0.08333333333333333,0.07142857142857142,3,1,6,4,5,3,1,1,0.16666666666666666,0.25,4,2,0.0,0.0,0.13333333333333333,0.09090909090909091,0,0,2,1,2,2,2,2,0.0,0.04242424242424242,0,1,2,0
0.0,0.0,0.0,0.03333333333333333,0.045454545454545456,0.1,0.0,0.0,0.0,0.0,6,5,0.045454545454545456,0.06666666666666667,1,3,5,8,4,8,1,2,0.2,0.25,3,5,0.0,0.038461538461538464,0.05,0.11538461538461539,0,1,1,3,1,3,2,2,0.038461538461538464,0.06538461538461539,1,2,0,0
0.0,0.0,0.0,0.07142857142857142,0.10526315789473684,0.0,0.0,0.0,0.05263157894736842,0.0,5,6,0.10526315789473684,0.07142857142857142,2,1,5,5,4,5,1,2,0.2,0.4,3,2,0.0,0.08333333333333333,0.16666666666666666,0.08333333333333333,0,1,2,1,1,0,1,1,0.08333333333333333,0.08333333333333333,1,1,0,0
0.02564102564102564,0.0,0.02564102564102564,0.03225806451612903,0.07692307692307693,0.0967741935483871,0.0,0.0,0.02564102564102564,0.0,7,5,0.1282051282051282,0.06451612903225806,3,3,10,8,11,8,3,2,0.3,0.25,7,5,0.0967741935483871,0.038461538461538464,0.12903225806451613,0.11538461538461539,3,1,4,3,2,2,2,0,0.05831265508684863,0.013647642679900734,2,1,1,0
0.027777777777777776,0.0,0.027777777777777776,0.0,0.08333333333333333,0.045454545454545456,0.0,0.0,0.027777777777777776,0.0,6,6,0.1111111111111111,0.045454545454545456,3,1,10,5,11,4,3,1,0.3,0.2,7,3,0.09375,0.0,0.09375,0.05,3,0,3,1,0,5,4,2,0.09375,0.04375,3,2,0,0
0.02631578947368421,0.02040816326530612,0.02631578947368421,0.02040816326530612,0.07894736842105263,0.10204081632653061,0.0,0.0,0.02631578947368421,0.04081632653061224,7,7,0.13157894736842105,0.10204081632653061,3,3,10,12,11,13,3,3,0.3,0.25,6,8,0.07142857142857142,0.06060606060606061,0.17857142857142858,0.18181818181818182,2,2,5,6,0,2,2,0,0.010822510822510817,0.003246753246753248,0,1,2,1
0.023809523809523808,0.015625,0.023809523809523808,0.015625,0.07142857142857142,0.078125,0.0,0.0,0.023809523809523808,0.03125,6,7,0.09523809523809523,0.0625,3,3,10,12,11,13,3,3,0.3,0.25,6,8,0.05555555555555555,0.0392156862745098,0.08333333333333333,0.0784313725490196,2,2,3,4,1,2,2,0,0.01633986928104575,0.004901960784313722,0,1,2,1
0.027777777777777776,0.018518518518518517,0.027777777777777776,0.018518518518518517,0.08333333333333333,0.09259259259259259,0.0,0.0,0.027777777777777776,0.037037037037037035,6,7,0.1111111111111111,0.07407407407407407,3,3,10,12,11,13,3,3,0.3,0.25,7,9,0.09375,0.06818181818181818,0.09375,0.09090909090909091,3,3,3,4,1,2,2,0,0.025568181818181823,0.0028409090909090884,0,1,2,1
0.02564102564102564,0.016666666666666666,0.02564102564102564,0.016666666666666666,0.07692307692307693,0.08333333333333333,0.0,0.0,0.02564102564102564,0.03333333333333333,6,7,0.10256410256410256,0.08333333333333333,3,3,10,12,10,12,2,2,0.2,0.16666666666666666,7,9,0.08823529411764706,0.0625,0.11764705882352941,0.10416666666666667,3,3,4,5,1,2,2,0,0.025735294117647065,0.013480392156862739,0,1,2,1
0.024390243902439025,0.01694915254237288,0.024390243902439025,0.01694915254237288,0.07317073170731707,0.0847457627118644,0.0,0.0,0.024390243902439025,0.03389830508474576,6,7,0.0975609756097561,0.06779661016949153,3,3,10,12,11,13,3,3,0.3,0.25,6,8,0.05714285714285714,0.0425531914893617,0.14285714285714285,0.10638297872340426,2,2,5,5,1,2,2,0,0.01458966565349544,0.03647416413373859,0,0,2,1
0.02564102564102564,0.017543859649122806,0.02564102564102564,0.017543859649122806,0.07692307692307693,0.08771929824561403,0.0,0.0,0.02564102564102564,0.03508771929824561,7,8,0.1282051282051282,0.08771929824561403,3,3,10,12,11,13,3,3,0.3,0.25,7,9,0.08823529411764706,0.06521739130434782,0.11764705882352941,0.10869565217391304,3,3,4,5,1,2,2,0,0.02301790281329924,0.00895140664961637,0,1,2,1
0.0,0.047619047619047616,0.07142857142857142,0.0,0.0,0.047619047619047616,0.0,0.0,0.0,0.047619047619047616,6,6,0.07142857142857142,0.14285714285714285,1,1,5,6,5,6,2,2,0.4,0.3333333333333333,2,5,0.08333333333333333,0.1111111111111111,0.08333333333333333,0.1111111111111111,1,2,1,2,0,1,3,0,0.027777777777777776,0.027777777777777776,1,1,0,0
0.0,0.0,0.0,0.0,0.10526315789473684,0.07142857142857142,0.0,0.0,0.0,0.0,6,7,0.10526315789473684,0.07142857142857142,2,1,5,4,4,3,1,1,0.2,0.25,3,2,0.0,0.0,0.16666666666666666,0.09090909090909091,0,0,2,1,1,1,1,1,0.0,0.07575757575757575,0,1,2,0
0.0,0.0,0.0,0.03333333333333333,0.045454545454545456,0.1,0.0,0.0,0.0,0.0,6,5,0.045454545454545456,0.06666666666666667,1,3,5,8,4,8,1,2,0.2,0.25,3,5,0.0,0.038461538461538464,0.05,0.11538461538461539,0,1,1,3,1,3,2,2,0.038461538461538464,0.06538461538461539,1,2,0,0
0.0,0.0,0.0,0.07142857142857142,0.10526315789473684,0.0,0.0,0.0,0.05263157894736842,0.0,5,6,0.10526315789473684,0.07142857142857142,2,1,5,5,4,5,1,2,0.2,0.4,3,2,0.0,0.08333333333333333,0.16666666666666666,0.08333333333333333,0,1,2,1,1,0,1,1,0.08333333333333333,0.08333333333333333,1,1,0,0
0.02631578947368421,0.02040816326530612,0.02631578947368421,0.02040816326530612,0.07894736842105263,0.10204081632653061,0.0,0.0,0.02631578947368421,0.04081632653061224,7,7,0.13157894736842105,0.10204081632653061,3,3,10,12,11,13,3,3,0.3,0.25,6,8,0.07142857142857142,0.06060606060606061,0.17857142857142858,0.18181818181818182,2,2,5,6,0,2,2,0,0.010822510822510817,0.003246753246753248,0,1,2,1
0.023809523809523808,0.015625,0.023809523809523808,0.015625,0.07142857142857142,0.078125,0.0,0.0,0.023809523809523808,0.03125,6,7,0.09523809523809523,0.0625,3,3,10,12,11,13,3,3,0.3,0.25,6,8,0.05555555555555555,0.0392156862745098,0.08333333333333333,0.0784313725490196,2,2,3,4,1,2,2,0,0.01633986928104575,0.004901960784313722,0,1,2,1
0.027777777777777776,0.018518518518518517,0.027777777777777776,0.018518518518518517,0.08333333333333333,0.09259259259259259,0.0,0.0,0.027777777777777776,0.037037037037037035,6,7,0.1111111111111111,0.07407407407407407,3,3,10,12,11,13,3,3,0.3,0.25,7,9,0.09375,0.06818181818181818,0.09375,0.09090909090909091,3,3,3,4,1,2,2,0,0.025568181818181823,0.0028409090909090884,0,1,2,1
0.02564102564102564,0.016666666666666666,0.02564102564102564,0.016666666666666666,0.07692307692307693,0.08333333333333333,0.0,0.0,0.02564102564102564,0.03333333333333333,6,7,0.10256410256410256,0.08333333333333333,3,3,10,12,10,12,2,2,0.2,0.16666666666666666,7,9,0.08823529411764706,0.0625,0.11764705882352941,0.10416666666666667,3,3,4,5,1,2,2,0,0.025735294117647065,0.013480392156862739,0,1,2,1
0.024390243902439025,0.01694915254237288,0.024390243902439025,0.01694915254237288,0.07317073170731707,0.0847457627118644,0.0,0.0,0.024390243902439025,0.03389830508474576,6,7,0.0975609756097561,0.06779661016949153,3,3,10,12,11,13,3,3,0.3,0.25,6,8,0.05714285714285714,0.0425531914893617,0.14285714285714285,0.10638297872340426,2,2,5,5,1,2,2,0,0.01458966565349544,0.03647416413373859,0,0,2,1
0.02564102564102564,0.017543859649122806,0.02564102564102564,0.017543859649122806,0.07692307692307693,0.08771929824561403,0.0,0.0,0.02564102564102564,0.03508771929824561,7,8,0.1282051282051282,0.08771929824561403,3,3,10,12,11,13,3,3,0.3,0.25,7,9,0.08823529411764706,0.06521739130434782,0.11764705882352941,0.10869565217391304,3,3,4,5,1,2,2,0,0.02301790281329924,0.00895140664961637,0,1,2,1
0.0,0.047619047619047616,0.07142857142857142,0.0,0.0,0.047619047619047616,0.0,0.0,0.0,0.047619047619047616,6,6,0.07142857142857142,0.14285714285714285,1,1,5,6,5,6,2,2,0.4,0.3333333333333333,2,5,0.08333333333333333,0.1111111111111111,0.08333333333333333,0.1111111111111111,1,2,1,2,0,1,3,0,0.027777777777777776,0.027777777777777776,1,1,0,0
0.0,0.0,0.0,0.0,0.10526315789473684,0.07142857142857142,0.0,0.0,0.0,0.0,6,7,0.10526315789473684,0.07142857142857142,2,1,5,4,4,3,1,1,0.2,0.25,3,2,0.0,0.0,0.16666666666666666,0.09090909090909091,0,0,2,1,1,1,1,1,0.0,0.07575757575757575,0,1,2,0
0.025,0.01639344262295082,0.025,0.01639344262295082,0.075,0.08196721311475409,0.0,0.0,0.025,0.03278688524590164,7,8,0.125,0.08196721311475409,3,3,10,12,11,13,3,3,0.3,0.25,6,8,0.05714285714285714,0.04081632653061224,0.14285714285714285,0.12244897959183673,2,2,5,6,1,2,2,0,0.0163265306122449,0.020408163265306117,0,1,2,1
0.02631578947368421,0.015873015873015872,0.02631578947368421,0.015873015873015872,0.07894736842105263,0.07936507936507936,0.0,0.0,0.02631578947368421,0.031746031746031744,6,8,0.10526315789473684,0.07936507936507936,3,3,10,12,11,13,3,3,0.3,0.25,6,8,0.06060606060606061,0.04,0.12121212121212122,0.1,2,2,4,5,2,2,2,0,0.020606060606060607,0.02121212121212121,0,1,2,1
0.02631578947368421,0.017857142857142856,0.02631578947368421,0.017857142857142856,0.07894736842105263,0.08928571428571429,0.0,0.0,0.02631578947368421,0.03571428571428571,6,7,0.10526315789473684,0.07142857142857142,3,3,10,12,11,13,3,3,0.3,0.25,7,9,0.09090909090909091,0.06666666666666667,0.12121212121212122,0.08888888888888889,3,3,4,4,1,2,2,0,0.024242424242424246,0.03232323232323232,0,0,2,1
0.0,0.0,0.02857142857142857,0.016666666666666666,0.08571428571428572,0.08333333333333333,0.0,0.0,0.0,0.016666666666666666,6,8,0.08571428571428572,0.06666666666666667,3,3,8,10,8,10,2,2,0.25,0.2,5,7,0.03571428571428571,0.022222222222222223,0.14285714285714285,0.1111111111111111,1,1,4,5,2,2,2,0,0.01349206349206349,0.031746031746031744,0,1,2,1
0.0,0.0,0.03333333333333333,0.022727272727272728,0.1,0.11363636363636363,0.0,0.0,0.0,0.022727272727272728,5,6,0.06666666666666667,0.06818181818181818,3,3,8,10,8,10,2,2,0.25,0.2,5,7,0.038461538461538464,0.02857142857142857,0.11538461538461539,0.08571428571428572,1,1,3,3,1,2,2,0,0.009890109890109893,0.029670329670329676,0,0,2,1
0.034482758620689655,0.0196078431372549,0.034482758620689655,0.0196078431372549,0.034482758620689655,0.058823529411764705,0.0,0.0,0.034482758620689655,0.0392156862745098,6,7,0.13793103448275862,0.0784313725490196,2,2,8,10,8,10,2,2,0.25,0.2,5,7,0.10714285714285714,0.06976744186046512,0.10714285714285714,0.09302325581395349,3,3,3,4,1,2,2,0,0.03737541528239202,0.01411960132890365,0,1,2,1
0.023809523809523808,0.015625,0.023809523809523808,0.015625,0.07142857142857142,0.078125,0.0,0.0,0.023809523809523808,0.03125,6,7,0.09523809523809523,0.0625,3,3,10,12,11,13,3,3,0.3,0.25,6,8,0.05555555555555555,0.0392156862745098,0.08333333333333333,0.058823529411764705,2,2,3,3,1,2,2,0,0.01633986928104575,0.024509803921568624,0,0,2,1
0.02857142857142857,0.018867924528301886,0.02857142857142857,0.018867924528301886,0.08571428571428572,0.09433962264150944,0.0,0.0,0.02857142857142857,0.03773584905660377,6,7,0.11428571428571428,0.07547169811320754,3,3,10,12,11,13,3,3,0.3,0.25,7,9,0.1,0.07142857142857142,0.1,0.09523809523809523,3,3,3,4,1,2,2,0,0.02857142857142858,0.004761904761904773,0,1,2,1
0.0,0.0,0.07142857142857142,0.0,0.0,0.10526315789473684,0.0,0.0,0.0,0.0,6,6,0.07142857142857142,0.10526315789473684,1,2,5,5,5,4,2,1,0.4,0.2,2,3,0.08333333333333333,0.0,0.08333333333333333,0.16666666666666666,1,0,1,2,0,0,1,1,0.08333333333333333,0.08333333333333333,1,1,0,0
0.0,0.0,0.0,0.045454545454545456,0.10526315789473684,0.09090909090909091,0.0,0.0,0.05263157894736842,0.045454545454545456,5,6,0.10526315789473684,0.13636363636363635,2,1,5,7,4,7,1,2,0.2,0.2857142857142857,3,4,0.0,0.06666666666666667,0.16666666666666666,0.2,0,1,2,3,1,2,1,1,0.06666666666666667,0.033333333333333354,1,1,0,0
0.0,0.0,0.03225806451612903,0.019230769230769232,0.0967741935483871,0.09615384615384616,0.0,0.0,0.0,0.019230769230769232,5,7,0.06451612903225806,0.07692307692307693,3,3,8,10,8,10,2,2,0.25,0.2,5,7,0.038461538461538464,0.025,0.11538461538461539,0.1,1,1,3,4,2,2,2,0,0.013461538461538462,0.015384615384615385,0,1,2,1
0.027777777777777776,0.018518518518518517,0.027777777777777776,0.018518518518518517,0.08333333333333333,0.09259259259259259,0.0,0.0,0.027777777777777776,0.037037037037037035,6,7,0.1111111111111111,0.07407407407407407,3,3,10,12,11,13,3,3,0.3,0.25,6,8,0.06451612903225806,0.046511627906976744,0.12903225806451613,0.09302325581395349,2,2,4,4,1,2,2,0,0.01800450112528132,0.03600900225056264,0,0,2,1
0.02564102564102564,0.017543859649122806,0.02564102564102564,0.017543859649122806,0.07692307692307693,0.08771929824561403,0.0,0.0,0.02564102564102564,0.03508771929824561,7,8,0.1282051282051282,0.08771929824561403,3,3,10,12,11,13,3,3,0.3,0.25,7,9,0.08823529411764706,0.06521739130434782,0.11764705882352941,0.10869565217391304,3,3,4,5,1,2,2,0,0.02301790281329924,0.00895140664961637,0,1,2,1
0.0,0.0,0.030303030303030304,0.018518518518518517,0.09090909090909091,0.09259259259259259,0.0,0.0,0.0,0.018518518518518517,6,8,0.09090909090909091,0.07407407407407407,3,3,8,10,8,10,2,2,0.25,0.2,5,7,0.038461538461538464,0.025,0.15384615384615385,0.125,1,1,4,5,2,2,2,0,0.013461538461538462,0.028846153846153855,0,1,2,1
0.0,0.0,0.03333333333333333,0.022727272727272728,0.1,0.11363636363636363,0.0,0.0,0.0,0.022727272727272728,5,6,0.06666666666666667,0.06818181818181818,3,3,8,10,8,10,2,2,0.25,0.2,5,7,0.038461538461538464,0.02857142857142857,0.11538461538461539,0.08571428571428572,1,1,3,3,1,2,2,0,0.009890109890109893,0.029670329670329676,0,0,2,1
0.024390243902439025,0.015873015873015872,0.024390243902439025,0.015873015873015872,0.07317073170731707,0.07936507936507936,0.0,0.0,0.024390243902439025,0.031746031746031744,6,7,0.0975609756097561,0.06349206349206349,3,3,10,12,11,13,3,3,0.3,0.25,6,8,0.058823529411764705,0.04081632653061224,0.08823529411764706,0.08163265306122448,2,2,3,4,1,2,2,0,0.018007202881152463,0.006602641056422581,0,1,2,1
0.02631578947368421,0.015873015873015872,0.02631578947368421,0.015873015873015872,0.07894736842105263,0.07936507936507936,0.0,0.0,0.02631578947368421,0.031746031746031744,6,8,0.10526315789473684,0.07936507936507936,3,3,10,12,11,13,3,3,0.3,0.25,6,8,0.06060606060606061,0.04,0.12121212121212122,0.08,2,2,4,4,2,2,2,0,0.020606060606060607,0.041212121212121214,0,0,2,1
0.027777777777777776,0.018518518518518517,0.027777777777777776,0.018518518518518517,0.08333333333333333,0.09259259259259259,0.0,0.0,0.027777777777777776,0.037037037037037035,6,7,0.1111111111111111,0.07407407407407407,3,3,10,12,11,13,3,3,0.3,0.25,7,9,0.09375,0.06818181818181818,0.09375,0.09090909090909091,3,3,3,4,1,2,2,0,0.025568181818181823,0.0028409090909090884,0,1,2,1
0.0,0.0,0.05555555555555555,0.038461538461538464,0.0,0.07692307692307693,0.0,0.0,0.0,0.038461538461538464,7,7,0.1111111111111111,0.15384615384615385,1,1,5,7,5,7,2,2,0.4,0.2857142857142857,2,4,0.07142857142857142,0.058823529411764705,0.14285714285714285,0.23529411764705882,1,1,2,4,0,2,2,0,0.01260504201680672,0.09243697478991597,0,2,2,0
0.0,0.0,0.0,0.0,0.1,0.10526315789473684,0.0,0.0,0.0,0.0,5,5,0.1,0.10526315789473684,2,2,5,5,4,4,1,1,0.2,0.2,3,3,0.0,0.0,0.16666666666666666,0.16666666666666666,0,0,2,2,0,0,0,0,0.0,0.0,0,0,2,0
0.0,0.0,0.03225806451612903,0.019230769230769232,0.0967741935483871,0.09615384615384616,0.0,0.0,0.0,0.019230769230769232,5,7,0.06451612903225806,0.07692307692307693,3,3,8,10,8,10,2,2,0.25,0.2,5,7,0.038461538461538464,0.025,0.11538461538461539,0.1,1,1,3,4,2,2,2,0,0.013461538461538462,0.015384615384615385,0,1,2,1
0.024390243902439025,0.01694915254237288,0.024390243902439025,0.01694915254237288,0.07317073170731707,0.0847457627118644,0.0,0.0,0.024390243902439025,0.03389830508474576,6,7,0.0975609756097561,0.06779661016949153,3,3,10,12,11,13,3,3,0.3,0.25,6,8,0.05714285714285714,0.0425531914893617,0.14285714285714285,0.0851063829787234,2,2,5,4,1,2,2,0,0.01458966565349544,0.05775075987841945,0,1,2,1
0.0,0.0,0.03225806451612903,0.019230769230769232,0.0967741935483871,0.09615384615384616,0.0,0.0,0.0,0.019230769230769232,5,7,0.06451612903225806,0.07692307692307693,3,3,8,10,8,10,2,2,0.25,0.2,5,7,0.038461538461538464,0.025,0.11538461538461539,0.1,1,1,3,4,2,2,2,0,0.013461538461538462,0.015384615384615385,0,1,2,1
0.024390243902439025,0.015873015873015872,0.024390243902439025,0.015873015873015872,0.07317073170731707,0.07936507936507936,0.0,0.0,0.024390243902439025,0.031746031746031744,6,7,0.0975609756097561,0.06349206349206349,3,3,10,12,11,13,3,3,0.3,0.25,6,8,0.058823529411764705,0.04081632653061224,0.08823529411764706,0.061224489795918366,2,2,3,3,1,2,2,0,0.018007202881152463,0.0270108043217287,0,0,2,1
0.02702702702702703,0.01818181818181818,0.02702702702702703,0.01818181818181818,0.08108108108108109,0.09090909090909091,0.0,0.0,0.02702702702702703,0.03636363636363636,6,7,0.10810810810810811,0.07272727272727272,3,3,10,12,11,13,3,3,0.3,0.25,7,9,0.08823529411764706,0.06521739130434782,0.08823529411764706,0.08695652173913043,3,3,3,4,1,2,2,0,0.02301790281329924,0.0012787723785166322,0,1,2,1
0.02631578947368421,0.017857142857142856,0.02631578947368421,0.017857142857142856,0.07894736842105263,0.08928571428571429,0.0,0.0,0.02631578947368421,0.03571428571428571,7,8,0.13157894736842105,0.08928571428571429,3,3,10,12,11,13,3,3,0.3,0.25,7,9,0.09375,0.06818181818181818,0.125,0.11363636363636363,3,3,4,5,1,2,2,0,0.025568181818181823,0.011363636363636367,0,1,2,1
0.0,0.0,0.029411764705882353,0.01694915254237288,0.08823529411764706,0.0847457627118644,0.0,0.0,0.0,0.01694915254237288,6,8,0.08823529411764706,0.06779661016949153,3,3,8,10,8,10,2,2,0.25,0.2,5,7,0.038461538461538464,0.023255813953488372,0.15384615384615385,0.11627906976744186,1,1,4,5,2,2,2,0,0.015205724508050092,0.037567084078711996,0,1,2,1
0.0,0.0,0.03333333333333333,0.022727272727272728,0.1,0.11363636363636363,0.0,0.0,0.0,0.022727272727272728,5,6,0.06666666666666667,0.06818181818181818,3,3,8,10,8,10,2,2,0.25,0.2,5,7,0.038461538461538464,0.02857142857142857,0.11538461538461539,0.08571428571428572,1,1,3,3,1,2,2,0,0.009890109890109893,0.029670329670329676,0,0,2,1
0.0,0.0,0.058823529411764705,0.04,0.0,0.08,0.0,0.0,0.0,0.04,7,7,0.11764705882352941,0.16,1,1,5,7,5,7,2,2,0.4,0.2857142857142857,2,4,0.07142857142857142,0.058823529411764705,0.14285714285714285,0.23529411764705882,1,1,2,4,0,2,2,0,0.01260504201680672,0.09243697478991597,0,2,2,0
0.0,0.0,0.0,0.0,0.10526315789473684,0.10526315789473684,0.0,0.0,0.0,0.0,5,5,0.10526315789473684,0.10526315789473684,2,2,5,5,4,4,1,1,0.2,0.2,3,3,0.0,0.0,0.16666666666666666,0.16666666666666666,0,0,2,2,0,0,0,0,0.0,0.0,0,0,2,0
0.0,0.0,0.03125,0.018867924528301886,0.09375,0.09433962264150944,0.0,0.0,0.0,0.018867924528301886,5,7,0.0625,0.07547169811320754,3,3,8,10,8,10,2,2,0.25,0.2,5,7,0.03571428571428571,0.023809523809523808,0.10714285714285714,0.09523809523809523,1,1,3,4,2,2,2,0,0.011904761904761904,0.011904761904761904,0,1,2,1
0.024390243902439025,0.01694915254237288,0.024390243902439025,0.01694915254237288,0.07317073170731707,0.0847457627118644,0.0,0.0,0.024390243902439025,0.03389830508474576,6,7,0.0975609756097561,0.06779661016949153,3,3,10,12,11,13,3,3,0.3,0.25,6,8,0.05714285714285714,0.0425531914893617,0.14285714285714285,0.0851063829787234,2,2,5,4,1,2,2,0,0.01458966565349544,0.05775075987841945,0,1,2,1
0.02631578947368421,0.017857142857142856,0.02631578947368421,0.017857142857142856,0.07894736842105263,0.08928571428571429,0.0,0.0,0.02631578947368421,0.03571428571428571,7,8,0.13157894736842105,0.08928571428571429,3,3,10,12,11,13,3,3,0.3,0.25,6,8,0.06060606060606061,0.044444444444444446,0.12121212121212122,0.1111111111111111,2,2,4,5,1,2,2,0,0.01616161616161616,0.01010101010101011,0,1,2,1
0.024390243902439025,0.015873015873015872,0.024390243902439025,0.015873015873015872,0.07317073170731707,0.07936507936507936,0.0,0.0,0.024390243902439025,0.031746031746031744,6,7,0.0975609756097561,0.06349206349206349,3,3,10,12,11,13,3,3,0.3,0.25,6,8,0.058823529411764705,0.04081632653061224,0.08823529411764706,0.08163265306122448,2,2,3,4,1,2,2,0,0.018007202881152463,0.006602641056422581,0,1,2,1
0.0,0.0,0.03225806451612903,0.019230769230769232,0.0967741935483871,0.09615384615384616,0.0,0.0,0.0,0.019230769230769232,5,7,0.06451612903225806,0.07692307692307693,3,3,8,10,8,10,2,2,0.25,0.2,5,7,0.038461538461538464,0.025,0.11538461538461539,0.1,1,1,3,4,2,2,2,0,0.013461538461538462,0.015384615384615385,0,1,2,1
0.03571428571428571,0.027777777777777776,0.03571428571428571,0.027777777777777776,0.03571428571428571,0.08333333333333333,0.0,0.0,0.03571428571428571,0.05555555555555555,7,7,0.17857142857142858,0.1388888888888889,2,2,8,10,9,11,3,3,0.375,0.3,4,6,0.09090909090909091,0.08,0.18181818181818182,0.2,2,2,4,5,0,2,2,0,0.01090909090909091,0.018181818181818188,0,1,2,1
0.047619047619047616,0.043478260869565216,0.0,0.0,0.047619047619047616,0.043478260869565216,0.0,0.0,0.047619047619047616,0.043478260869565216,6,6,0.14285714285714285,0.13043478260869565,1,1,6,6,6,6,2,2,0.3333333333333333,0.3333333333333333,5,5,0.1111111111111111,0.10526315789473684,0.1111111111111111,0.15789473684210525,2,2,2,3,0,0,0,0,0.005847953216374269,0.04678362573099415,0,1,2,1
0.0,0.0,0.034482758620689655,0.023255813953488372,0.10344827586206896,0.11627906976744186,0.0,0.0,0.0,0.023255813953488372,5,6,0.06896551724137931,0.06976744186046512,3,3,8,10,8,10,2,2,0.25,0.2,5,7,0.041666666666666664,0.030303030303030304,0.125,0.09090909090909091,1,1,3,3,1,2,2,0,0.01136363636363636,0.03409090909090909,0,0,2,1
0.0,0.0,0.0,0.0,0.125,0.10526315789473684,0.0,0.0,0.0,0.0,5,6,0.08333333333333333,0.10526315789473684,3,2,6,5,5,4,1,1,0.16666666666666666,0.2,4,3,0.0,0.0,0.13333333333333333,0.16666666666666666,0,0,2,2,1,1,1,1,0.0,0.033333333333333326,0,0,2,0
0.0,0.0,0.0,0.0,0.03333333333333333,0.05555555555555555,0.0,0.0,0.03333333333333333,0.0,9,6,0.1,0.05555555555555555,2,1,4,4,3,3,1,1,0.25,0.25,2,2,0.041666666666666664,0.0,0.16666666666666666,0.0625,1,0,4,1,3,0,0,1,0.041666666666666664,0.10416666666666666,1,3,2,0
0.0,0.0,0.025,0.0,0.075,0.05555555555555555,0.0,0.0,0.0,0.0,6,6,0.05,0.05555555555555555,3,1,8,4,8,3,2,1,0.25,0.25,5,2,0.030303030303030304,0.0,0.09090909090909091,0.0625,1,0,3,1,0,4,3,2,0.030303030303030304,0.02840909090909091,1,2,0,1
0.02857142857142857,0.0,0.02857142857142857,0.0,0.08571428571428572,0.05263157894736842,0.0,0.0,0.02857142857142857,0.05263157894736842,6,6,0.11428571428571428,0.10526315789473684,3,1,10,4,11,3,3,1,0.3,0.25,6,2,0.06451612903225806,0.0,0.0967741935483871,0.11764705882352941,2,0,3,2,0,6,4,2,0.06451612903225806,0.020872865275142316,2,1,0,1
0.025,0.0,0.025,0.0,0.075,0.05555555555555555,0.0,0.0,0.025,0.0,6,6,0.1,0.05555555555555555,3,1,10,4,11,3,3,1,0.3,0.25,6,2,0.0625,0.0,0.09375,0.0625,2,0,3,1,0,6,4,2,0.0625,0.03125,2,2,0,1
0.03225806451612903,0.0,0.03225806451612903,0.0,0.0967741935483871,0.041666666666666664,0.0,0.0,0.03225806451612903,0.041666666666666664,6,9,0.12903225806451613,0.08333333333333333,3,2,10,4,11,3,3,1,0.3,0.25,6,2,0.08695652173913043,0.1111111111111111,0.13043478260869565,0.1111111111111111,2,2,3,2,3,6,4,1,0.024154589371980673,0.019323671497584544,0,1,0,1
0.022727272727272728,0.0,0.022727272727272728,0.0,0.045454545454545456,0.029411764705882353,0.0,0.0,0.022727272727272728,0.029411764705882353,8,10,0.11363636363636363,0.08823529411764706,3,2,10,4,11,3,3,1,0.3,0.25,6,2,0.05128205128205128,0.03125,0.10256410256410256,0.09375,2,1,4,3,2,6,4,1,0.02003205128205128,0.00881410256410256,1,1,0,1
0.0,0.0,0.030303030303030304,0.0,0.09090909090909091,0.0,0.0,0.0,0.0,0.0,6,7,0.09090909090909091,0.0,3,1,8,3,8,2,2,1,0.25,0.3333333333333333,5,2,0.04,0.09090909090909091,0.16,0.0,1,1,4,0,1,5,3,2,0.05090909090909091,0.16,0,4,0,1
0.0,0.0,0.029411764705882353,0.0,0.08823529411764706,0.03333333333333333,0.0,0.0,0.0,0.0,6,9,0.08823529411764706,0.06666666666666667,3,2,8,4,8,3,2,1,0.25,0.25,5,2,0.038461538461538464,0.038461538461538464,0.15384615384615385,0.07692307692307693,1,1,4,2,3,4,3,1,0.0,0.07692307692307693,0,2,0,1
0.0,0.014925373134328358,0.0,0.014925373134328358,0.07692307692307693,0.1044776119402985,0.0,0.0,0.038461538461538464,0.029850746268656716,6,7,0.07692307692307693,0.07462686567164178,2,4,5,14,4,15,1,3,0.2,0.21428571428571427,3,11,0.0,0.06382978723404255,0.16666666666666666,0.1276595744680851,0,3,3,6,1,9,8,2,0.06382978723404255,0.03900709219858156,3,3,0,1
0.0,0.0,0.02702702702702703,0.0,0.08108108108108109,0.06666666666666667,0.0,0.0,0.0,0.0,7,6,0.08108108108108109,0.06666666666666667,3,2,8,5,8,4,2,1,0.25,0.2,5,3,0.034482758620689655,0.0,0.13793103448275862,0.08333333333333333,1,0,4,2,1,3,2,1,0.034482758620689655,0.05459770114942529,1,2,0,1
0.03571428571428571,0.0,0.0,0.0,0.07142857142857142,0.1,0.0,0.0,0.03571428571428571,0.0,6,6,0.10714285714285714,0.05,2,2,7,5,7,4,2,1,0.2857142857142857,0.2,6,3,0.09523809523809523,0.0,0.09523809523809523,0.06666666666666667,2,0,2,1,0,2,3,0,0.09523809523809523,0.028571428571428567,2,1,0,1
0.0,0.0,0.03225806451612903,0.0,0.0967741935483871,0.05263157894736842,0.0,0.0,0.0,0.0,5,6,0.06451612903225806,0.05263157894736842,3,1,8,4,8,3,2,1,0.25,0.25,5,2,0.038461538461538464,0.0,0.11538461538461539,0.05555555555555555,1,0,3,1,1,4,3,2,0.038461538461538464,0.05982905982905984,1,2,0,1
0.0,0.0,0.03333333333333333,0.0,0.1,0.03333333333333333,0.0,0.0,0.0,0.0,5,8,0.06666666666666667,0.06666666666666667,3,4,8,4,8,3,2,1,0.25,0.25,5,3,0.041666666666666664,0.10344827586206896,0.125,0.06896551724137931,1,3,3,2,3,4,2,1,0.0617816091954023,0.05603448275862069,2,1,0,1
0.02631578947368421,0.0,0.02631578947368421,0.0,0.07894736842105263,0.05555555555555555,0.0,0.0,0.02631578947368421,0.0,7,6,0.13157894736842105,0.05555555555555555,3,1,10,4,11,3,3,1,0.3,0.25,6,2,0.06451612903225806,0.0,0.16129032258064516,0.0625,2,0,5,1,1,6,4,2,0.06451612903225806,0.09879032258064516,2,4,0,1
0.024390243902439025,0.0,0.024390243902439025,0.0,0.07317073170731707,0.05263157894736842,0.0,0.0,0.024390243902439025,0.0,6,6,0.0975609756097561,0.05263157894736842,3,1,10,4,11,3,3,1,0.3,0.25,6,2,0.058823529411764705,0.0,0.08823529411764706,0.05555555555555555,2,0,3,1,0,6,4,2,0.058823529411764705,0.03267973856209151,2,2,0,1
0.025,0.0,0.025,0.0,0.075,0.05555555555555555,0.0,0.0,0.025,0.0,6,6,0.1,0.05555555555555555,3,1,10,4,11,3,3,1,0.3,0.25,6,2,0.0625,0.0,0.09375,0.0625,2,0,3,1,0,6,4,2,0.0625,0.03125,2,2,0,1
0.0,0.0,0.04,0.0,0.12,0.07142857142857142,0.0,0.0,0.0,0.0,5,6,0.08,0.07142857142857142,3,1,8,4,8,3,2,1,0.25,0.25,5,2,0.05555555555555555,0.0,0.16666666666666666,0.1,1,0,3,1,1,4,3,2,0.05555555555555555,0.06666666666666665,1,2,0,1
0.022727272727272728,0.0,0.022727272727272728,0.0,0.045454545454545456,0.03225806451612903,0.0,0.0,0.022727272727272728,0.03225806451612903,8,9,0.11363636363636363,0.0967741935483871,3,2,10,4,11,3,3,1,0.3,0.25,6,2,0.05128205128205128,0.06896551724137931,0.10256410256410256,0.13793103448275862,2,2,4,4,1,6,4,1,0.01768346595932803,0.03536693191865606,0,0,0,1
0.023255813953488372,0.0,0.023255813953488372,0.0,0.046511627906976744,0.03333333333333333,0.0,0.0,0.023255813953488372,0.03333333333333333,8,9,0.11627906976744186,0.1,3,2,10,4,11,3,3,1,0.3,0.25,6,2,0.05405405405405406,0.07407407407407407,0.10810810810810811,0.14814814814814814,2,2,4,4,1,6,4,1,0.020020020020020013,0.040040040040040026,0,0,0,1
0.02702702702702703,0.0,0.02702702702702703,0.0,0.08108108108108109,0.03333333333333333,0.0,0.0,0.02702702702702703,0.03333333333333333,7,9,0.13513513513513514,0.1,3,2,10,4,11,3,3,1,0.3,0.25,6,2,0.06451612903225806,0.041666666666666664,0.12903225806451613,0.16666666666666666,2,1,4,4,2,6,4,1,0.0228494623655914,0.03763440860215053,1,0,0,1
0.02702702702702703,0.0,0.02702702702702703,0.0,0.08108108108108109,0.03333333333333333,0.0,0.0,0.02702702702702703,0.03333333333333333,7,9,0.13513513513513514,0.1,3,2,10,4,11,3,3,1,0.3,0.25,6,2,0.06451612903225806,0.041666666666666664,0.12903225806451613,0.16666666666666666,2,1,4,4,2,6,4,1,0.0228494623655914,0.03763440860215053,1,0,0,1
0.0,0.0,0.030303030303030304,0.0,0.09090909090909091,0.0,0.0,0.0,0.0,0.0,6,7,0.09090909090909091,0.0,3,1,8,3,8,2,2,1,0.25,0.3333333333333333,5,2,0.04,0.09090909090909091,0.16,0.0,1,1,4,0,1,5,3,2,0.05090909090909091,0.16,0,4,0,1
0.0,0.0,0.029411764705882353,0.0,0.08823529411764706,0.03571428571428571,0.0,0.0,0.0,0.0,6,8,0.08823529411764706,0.07142857142857142,3,2,8,4,8,3,2,1,0.25,0.25,5,2,0.038461538461538464,0.045454545454545456,0.15384615384615385,0.13636363636363635,1,1,4,3,2,4,3,1,0.006993006993006992,0.0174825174825175,0,1,0,1
0.0,0.0,0.02702702702702703,0.0,0.08108108108108109,0.04,0.0,0.0,0.0,0.0,7,7,0.08108108108108109,0.08,3,1,8,4,8,3,2,1,0.25,0.25,5,2,0.034482758620689655,0.0,0.13793103448275862,0.09523809523809523,1,0,4,2,0,4,3,2,0.034482758620689655,0.042692939244663386,1,2,0,1
0.0,0.014285714285714285,0.030303030303030304,0.014285714285714285,0.09090909090909091,0.08571428571428572,0.0,0.0,0.030303030303030304,0.02857142857142857,6,7,0.12121212121212122,0.07142857142857142,3,4,8,13,8,14,2,3,0.25,0.23076923076923078,5,9,0.045454545454545456,0.061224489795918366,0.18181818181818182,0.12244897959183673,1,3,4,6,1,5,4,1,0.01576994434137291,0.05936920222634509,2,2,1,1
0.03571428571428571,0.0,0.0,0.0,0.07142857142857142,0.1,0.0,0.0,0.03571428571428571,0.0,6,6,0.10714285714285714,0.05,2,2,7,5,7,4,2,1,0.2857142857142857,0.2,6,3,0.09523809523809523,0.0,0.09523809523809523,0.06666666666666667,2,0,2,1,0,2,3,0,0.09523809523809523,0.028571428571428567,2,1,0,1
0.029411764705882353,0.0,0.029411764705882353,0.0,0.08823529411764706,0.05555555555555555,0.0,0.0,0.029411764705882353,0.05555555555555555,6,6,0.11764705882352941,0.1111111111111111,3,1,10,4,11,3,3,1,0.3,0.25,6,2,0.06896551724137931,0.0,0.10344827586206896,0.13333333333333333,2,0,3,2,0,6,4,2,0.06896551724137931,0.029885057471264367,2,1,0,1
0.0,0.0,0.020833333333333332,0.0,0.10416666666666667,0.05555555555555555,0.0,0.0,0.020833333333333332,0.0,6,6,0.0625,0.05555555555555555,3,1,10,4,10,3,2,1,0.2,0.25,7,2,0.027777777777777776,0.0,0.08333333333333333,0.0625,1,0,3,1,0,6,5,2,0.027777777777777776,0.02083333333333333,1,2,0,1
0.0,0.0,0.02631578947368421,0.05,0.07894736842105263,0.05,0.0,0.0,0.02631578947368421,0.0,7,6,0.07894736842105263,0.1,2,2,8,6,8,6,2,2,0.25,0.3333333333333333,5,3,0.03333333333333333,0.05555555555555555,0.1,0.1111111111111111,1,1,3,2,1,2,2,0,0.02222222222222222,0.0111111111111111,0,1,2,1
0.03225806451612903,0.0,0.03225806451612903,0.0,0.0967741935483871,0.041666666666666664,0.0,0.0,0.03225806451612903,0.041666666666666664,6,9,0.12903225806451613,0.08333333333333333,3,2,10,4,11,3,3,1,0.3,0.25,6,2,0.08695652173913043,0.1111111111111111,0.13043478260869565,0.1111111111111111,2,2,3,2,3,6,4,1,0.024154589371980673,0.019323671497584544,0,1,0,1
0.0,0.0,0.027777777777777776,0.0,0.05555555555555555,0.034482758620689655,0.0,0.0,0.0,0.0,7,9,0.08333333333333333,0.06896551724137931,3,2,8,4,8,3,2,1,0.25,0.25,5,2,0.03333333333333333,0.038461538461538464,0.1,0.07692307692307693,1,1,3,2,2,4,3,1,0.005128205128205131,0.023076923076923078,0,1,0,1
0.0,0.0,0.0,0.0,0.041666666666666664,0.058823529411764705,0.0,0.0,0.0,0.0,7,6,0.08333333333333333,0.058823529411764705,1,1,4,4,3,3,1,1,0.25,0.25,2,2,0.0,0.0,0.10526315789473684,0.07142857142857142,0,0,2,1,1,0,0,0,0.0,0.03383458646616541,0,1,2,1
0.0,0.0,0.0,0.0,0.041666666666666664,0.041666666666666664,0.0,0.0,0.0,0.0,7,7,0.08333333333333333,0.08333333333333333,1,1,4,4,3,3,1,1,0.25,0.25,2,2,0.0,0.0,0.10526315789473684,0.10526315789473684,0,0,2,2,0,0,0,0,0.0,0.0,0,0,2,1
0.047619047619047616,0.0,0.0,0.0,0.047619047619047616,0.058823529411764705,0.0,0.0,0.047619047619047616,0.058823529411764705,6,7,0.14285714285714285,0.11764705882352941,1,1,6,4,6,3,2,1,0.3333333333333333,0.25,5,2,0.1111111111111111,0.15384615384615385,0.1111111111111111,0.15384615384615385,2,2,2,2,1,2,3,0,0.04273504273504275,0.04273504273504275,0,0,0,1
0.0,0.0,0.0,0.0,0.05555555555555555,0.05555555555555555,0.0,0.0,0.0,0.0,6,6,0.05555555555555555,0.05555555555555555,1,1,4,4,3,3,1,1,0.25,0.25,2,2,0.0,0.0,0.0625,0.0625,0,0,1,1,0,0,0,0,0.0,0.0,0,0,2,1
0.0,0.0,0.0,0.0,0.047619047619047616,0.05555555555555555,0.0,0.0,0.0,0.0,6,6,0.047619047619047616,0.05555555555555555,1,1,5,4,4,3,1,1,0.2,0.25,3,2,0.0,0.0,0.05555555555555555,0.0625,0,0,1,1,0,1,1,0,0.0,0.0069444444444444475,0,0,2,1
0.0,0.0,0.0,0.0,0.047619047619047616,0.047619047619047616,0.0,0.0,0.0,0.0,7,7,0.047619047619047616,0.047619047619047616,1,1,4,4,3,3,1,1,0.25,0.25,2,2,0.0,0.0,0.10526315789473684,0.05263157894736842,0,0,2,1,0,0,0,0,0.0,0.05263157894736842,0,1,2,1
0.0,0.0,0.0,0.0,0.05555555555555555,0.05555555555555555,0.0,0.0,0.0,0.0,6,6,0.05555555555555555,0.05555555555555555,1,1,4,4,3,3,1,1,0.25,0.25,2,2,0.0,0.0,0.0625,0.0625,0,0,1,1,0,0,0,0,0.0,0.0,0,0,2,1
0.0,0.0,0.0,0.0,0.05,0.05555555555555555,0.0,0.0,0.0,0.0,6,6,0.05,0.05555555555555555,1,1,4,4,3,3,1,1,0.25,0.25,2,2,0.0,0.0,0.11764705882352941,0.0625,0,0,2,1,0,0,0,0,0.0,0.05514705882352941,0,1,2,1
0.0,0.0,0.025,0.0,0.075,0.05555555555555555,0.0,0.0,0.0,0.0,6,6,0.05,0.05555555555555555,3,1,8,4,8,3,2,1,0.25,0.25,5,2,0.030303030303030304,0.0,0.09090909090909091,0.0625,1,0,3,1,0,4,3,2,0.030303030303030304,0.02840909090909091,1,2,0,1
0.0,0.0,0.034482758620689655,0.0,0.10344827586206896,0.05555555555555555,0.0,0.0,0.0,0.0,5,6,0.06896551724137931,0.05555555555555555,3,1,8,4,8,3,2,1,0.25,0.25,5,2,0.041666666666666664,0.0,0.125,0.0625,1,0,3,1,1,4,3,2,0.041666666666666664,0.0625,1,2,0,1
0.0,0.0,0.03333333333333333,0.0,0.03333333333333333,0.05263157894736842,0.0,0.0,0.0,0.0,7,6,0.06666666666666667,0.05263157894736842,2,1,6,4,6,3,2,1,0.3333333333333333,0.25,3,2,0.037037037037037035,0.0,0.07407407407407407,0.1111111111111111,1,0,2,2,1,2,1,1,0.037037037037037035,0.037037037037037035,1,0,0,1
0.043478260869565216,0.0,0.0,0.0,0.043478260869565216,0.05555555555555555,0.0,0.0,0.043478260869565216,0.0,6,6,0.13043478260869565,0.05555555555555555,1,1,6,4,6,3,2,1,0.3333333333333333,0.25,3,2,0.047619047619047616,0.0,0.09523809523809523,0.0625,1,0,2,1,0,2,1,0,0.047619047619047616,0.03273809523809523,1,1,0,1
0.02857142857142857,0.0,0.02857142857142857,0.0,0.08571428571428572,0.05263157894736842,0.0,0.0,0.02857142857142857,0.0,6,7,0.11428571428571428,0.05263157894736842,3,1,10,4,11,3,3,1,0.3,0.25,6,2,0.06896551724137931,0.0,0.13793103448275862,0.05555555555555555,2,0,4,1,1,6,4,2,0.06896551724137931,0.08237547892720307,2,3,0,1
0.0,0.0,0.038461538461538464,0.0,0.038461538461538464,0.06666666666666667,0.0,0.0,0.0,0.0,7,6,0.07692307692307693,0.06666666666666667,2,1,6,4,6,3,2,1,0.3333333333333333,0.25,3,2,0.047619047619047616,0.0,0.09523809523809523,0.16666666666666666,1,0,2,2,1,2,1,1,0.047619047619047616,0.07142857142857142,1,0,0,1
0.0,0.0,0.03333333333333333,0.0,0.1,0.03571428571428571,0.0,0.0,0.0,0.0,5,8,0.06666666666666667,0.07142857142857142,3,4,8,4,8,3,2,1,0.25,0.25,5,2,0.041666666666666664,0.04,0.125,0.08,1,1,3,2,3,4,3,1,0.0016666666666666635,0.045,0,1,0,1
0.0,0.0,0.0,0.0,0.05555555555555555,0.05555555555555555,0.0,0.0,0.0,0.0,6,6,0.05555555555555555,0.05555555555555555,1,1,4,4,3,3,1,1,0.25,0.25,2,2,0.0,0.0,0.0625,0.0625,0,0,1,1,0,0,0,0,0.0,0.0,0,0,2,1
0.0,0.0,0.0,0.0,0.05555555555555555,0.05555555555555555,0.0,0.0,0.0,0.0,6,6,0.05555555555555555,0.05555555555555555,1,1,4,4,3,3,1,1,0.25,0.25,2,2,0.0,0.0,0.0625,0.0625,0,0,1,1,0,0,0,0,0.0,0.0,0,0,2,1
0.0,0.0,0.0,0.0,0.05555555555555555,0.05555555555555555,0.0,0.0,0.0,0.0,6,6,0.05555555555555555,0.05555555555555555,1,1,4,4,3,3,1,1,0.25,0.25,2,2,0.0,0.0,0.0625,0.0625,0,0,1,1,0,0,0,0,0.0,0.0,0,0,2,1
0.0,0.0,0.0,0.0,0.037037037037037035,0.037037037037037035,0.0,0.0,0.037037037037037035,0.037037037037037035,8,8,0.07407407407407407,0.07407407407407407,2,2,4,4,3,3,1,1,0.25,0.25,2,2,0.045454545454545456,0.045454545454545456,0.13636363636363635,0.13636363636363635,1,1,3,3,0,0,0,0,0.0,0.0,0,0,2,1
0.0,0.0,0.0,0.0,0.037037037037037035,0.05555555555555555,0.0,0.0,0.037037037037037035,0.05555555555555555,8,6,0.07407407407407407,0.1111111111111111,2,1,4,4,3,3,1,1,0.25,0.25,2,2,0.045454545454545456,0.0,0.13636363636363635,0.13333333333333333,1,0,3,2,2,0,0,1,0.045454545454545456,0.003030303030303022,1,1,2,1
0.0,0.0,0.0,0.0,0.047619047619047616,0.047619047619047616,0.0,0.0,0.047619047619047616,0.047619047619047616,8,8,0.09523809523809523,0.09523809523809523,1,1,4,4,3,3,1,1,0.25,0.25,2,2,0.0,0.0,0.2,0.2,0,0,3,3,0,0,0,0,0.0,0.0,0,0,2,1
0.0,0.0,0.0,0.0,0.034482758620689655,0.041666666666666664,0.0,0.0,0.0,0.0,9,7,0.06896551724137931,0.08333333333333333,2,2,4,4,3,3,1,1,0.25,0.25,2,2,0.038461538461538464,0.047619047619047616,0.07692307692307693,0.14285714285714285,1,1,2,3,2,0,0,0,0.009157509157509153,0.06593406593406592,0,1,2,1
0.0,0.0,0.0,0.0,0.03125,0.034482758620689655,0.0,0.0,0.03125,0.034482758620689655,10,9,0.09375,0.10344827586206896,2,2,4,4,3,3,1,1,0.25,0.25,2,2,0.03571428571428571,0.08,0.10714285714285714,0.16,1,2,3,4,1,0,0,0,0.04428571428571429,0.052857142857142866,1,1,2,1
0.0,0.0,0.0,0.0,0.04,0.04,0.0,0.0,0.0,0.0,7,7,0.08,0.08,2,2,4,4,3,3,1,1,0.25,0.25,2,2,0.047619047619047616,0.047619047619047616,0.14285714285714285,0.14285714285714285,1,1,3,3,0,0,0,0,0.0,0.0,0,0,2,1
0.0,0.0,0.0,0.0,0.038461538461538464,0.038461538461538464,0.0,0.0,0.038461538461538464,0.038461538461538464,8,8,0.07692307692307693,0.07692307692307693,2,2,4,4,3,3,1,1,0.25,0.25,2,2,0.08695652173913043,0.08695652173913043,0.13043478260869565,0.13043478260869565,2,2,3,3,0,0,0,0,0.0,0.0,0,0,2,1
0.0,0.0,0.0,0.0,0.03571428571428571,0.03333333333333333,0.0,0.0,0.0,0.0,8,9,0.07142857142857142,0.06666666666666667,2,2,4,4,3,3,1,1,0.25,0.25,2,2,0.045454545454545456,0.038461538461538464,0.13636363636363635,0.07692307692307693,1,1,3,2,1,0,0,0,0.006993006993006992,0.059440559440559426,0,1,2,1
0.0,0.0,0.03225806451612903,0.03225806451612903,0.0967741935483871,0.0967741935483871,0.0,0.0,0.0,0.0,5,5,0.06451612903225806,0.06451612903225806,3,3,8,8,8,8,2,2,0.25,0.25,5,5,0.038461538461538464,0.038461538461538464,0.11538461538461539,0.11538461538461539,1,1,3,3,0,0,0,0,0.0,0.0,0,0,2,0
0.0,0.0,0.03225806451612903,0.03225806451612903,0.0967741935483871,0.0967741935483871,0.0,0.0,0.0,0.0,5,5,0.06451612903225806,0.06451612903225806,3,3,8,8,8,8,2,2,0.25,0.25,5,5,0.038461538461538464,0.038461538461538464,0.11538461538461539,0.11538461538461539,1,1,3,3,0,0,0,0,0.0,0.0,0,0,2,0
0.02702702702702703,0.0,0.02702702702702703,0.0,0.08108108108108109,0.03333333333333333,0.0,0.0,0.02702702702702703,0.03333333333333333,7,9,0.13513513513513514,0.1,3,2,10,4,11,3,3,1,0.3,0.25,6,2,0.06451612903225806,0.041666666666666664,0.12903225806451613,0.16666666666666666,2,1,4,4,2,6,4,1,0.0228494623655914,0.03763440860215053,1,0,0,0
0.02631578947368421,0.0,0.02631578947368421,0.0,0.07894736842105263,0.05555555555555555,0.0,0.0,0.02631578947368421,0.0,7,6,0.13157894736842105,0.05555555555555555,3,1,10,4,11,3,3,1,0.3,0.25,6,2,0.06451612903225806,0.0,0.16129032258064516,0.0625,2,0,5,1,1,6,4,2,0.06451612903225806,0.09879032258064516,2,4,0,0
0.0,0.0,0.04,0.0,0.12,0.058823529411764705,0.0,0.0,0.0,0.0,5,7,0.08,0.058823529411764705,3,1,8,4,8,3,2,1,0.25,0.25,5,2,0.05555555555555555,0.0,0.16666666666666666,0.15384615384615385,1,0,3,2,2,4,3,2,0.05555555555555555,0.012820512820512803,1,1,0,0
0.03225806451612903,0.0,0.03225806451612903,0.0,0.0967741935483871,0.07142857142857142,0.0,0.0,0.03225806451612903,0.0,6,6,0.12903225806451613,0.07142857142857142,3,1,10,4,11,3,3,1,0.3,0.25,6,2,0.08695652173913043,0.0,0.13043478260869565,0.1,2,0,3,1,0,6,4,2,0.08695652173913043,0.030434782608695643,2,2,0,0
0.0,0.0,0.0,0.0,0.05555555555555555,0.05555555555555555,0.0,0.0,0.0,0.0,6,6,0.05555555555555555,0.05555555555555555,1,1,4,4,3,3,1,1,0.25,0.25,2,2,0.0,0.0,0.0625,0.0625,0,0,1,1,0,0,0,0,0.0,0.0,0,0,2,0
0.0,0.0,0.0,0.0,0.05555555555555555,0.05555555555555555,0.0,0.0,0.0,0.0,6,6,0.05555555555555555,0.05555555555555555,1,1,4,4,3,3,1,1,0.25,0.25,2,2,0.0,0.0,0.0625,0.0625,0,0,1,1,0,0,0,0,0.0,0.0,0,0,2,0
0.0,0.0,0.0,0.0,0.05555555555555555,0.05555555555555555,0.0,0.0,0.0,0.0,6,6,0.05555555555555555,0.05555555555555555,1,1,4,4,3,3,1,1,0.25,0.25,2,2,0.0,0.0,0.0625,0.0625,0,0,1,1,0,0,0,0,0.0,0.0,0,0,2,0
0.0,0.0,0.0,0.0,0.05555555555555555,0.05555555555555555,0.0,0.0,0.0,0.0,6,6,0.05555555555555555,0.05555555555555555,1,1,4,4,3,3,1,1,0.25,0.25,2,2,0.0,0.0,0.0625,0.0625,0,0,1,1,0,0,0,0,0.0,0.0,0,0,2,0
0.0,0.0,0.0,0.0,0.10526315789473684,0.10526315789473684,0.0,0.0,0.0,0.0,6,6,0.10526315789473684,0.10526315789473684,2,2,5,5,4,4,1,1,0.2,0.2,3,3,0.0,0.0,0.16666666666666666,0.16666666666666666,0,0,2,2,0,0,0,0,0.0,0.0,0,0,2,0
0.0,0.0,0.0,0.0,0.10526315789473684,0.10526315789473684,0.0,0.0,0.0,0.0,6,6,0.10526315789473684,0.10526315789473684,2,2,5,5,4,4,1,1,0.2,0.2,3,3,0.0,0.0,0.16666666666666666,0.16666666666666666,0,0,2,2,0,0,0,0,0.0,0.0,0,0,2,0
0.0,0.0,0.030303030303030304,0.0,0.09090909090909091,0.0,0.0,0.0,0.0,0.0,6,7,0.09090909090909091,0.0,3,1,8,3,8,2,2,1,0.25,0.3333333333333333,5,2,0.04,0.09090909090909091,0.16,0.0,1,1,4,0,1,5,3,2,0.05090909090909091,0.16,0,4,0,0
0.0,0.0,0.030303030303030304,0.0,0.09090909090909091,0.047619047619047616,0.0,0.0,0.0,0.0,6,8,0.09090909090909091,0.09523809523809523,3,1,8,4,8,3,2,1,0.25,0.25,5,2,0.04,0.0,0.16,0.26666666666666666,1,0,4,4,2,4,3,2,0.04,0.10666666666666666,1,0,0,0
0.0,0.0,0.0,0.0,0.047619047619047616,0.06666666666666667,0.0,0.0,0.0,0.0,7,5,0.047619047619047616,0.06666666666666667,1,1,4,4,3,3,1,1,0.25,0.25,2,2,0.0,0.0,0.10526315789473684,0.07692307692307693,0,0,2,1,2,0,0,0,0.0,0.02834008097165991,0,1,2,0
0.0,0.0,0.0,0.0,0.047619047619047616,0.05,0.0,0.0,0.0,0.0,6,6,0.047619047619047616,0.05,1,1,5,4,4,3,1,1,0.2,0.25,3,2,0.0,0.0,0.05555555555555555,0.05,0,0,1,1,0,1,1,0,0.0,0.00555555555555555,0,0,2,0
0.047619047619047616,0.0,0.0,0.0,0.047619047619047616,0.1,0.0,0.0,0.047619047619047616,0.0,6,5,0.14285714285714285,0.1,1,1,6,4,6,3,2,1,0.3333333333333333,0.25,5,2,0.1111111111111111,0.0,0.1111111111111111,0.14285714285714285,2,0,2,1,1,2,3,0,0.1111111111111111,0.031746031746031744,2,1,0,0
0.041666666666666664,0.0,0.0,0.0,0.041666666666666664,0.1,0.0,0.0,0.041666666666666664,0.0,6,5,0.16666666666666666,0.1,1,1,6,4,6,3,2,1,0.3333333333333333,0.25,5,2,0.1,0.0,0.15,0.14285714285714285,2,0,3,1,1,2,3,0,0.1,0.007142857142857145,2,2,0,0
0.0,0.0,0.027777777777777776,0.0,0.05555555555555555,0.041666666666666664,0.0,0.0,0.0,0.0,7,7,0.08333333333333333,0.08333333333333333,3,2,8,4,8,3,2,1,0.25,0.25,5,2,0.03333333333333333,0.047619047619047616,0.1,0.14285714285714285,1,1,3,3,0,4,3,1,0.014285714285714284,0.042857142857142844,0,0,0,0
0.0,0.0,0.02702702702702703,0.0,0.05405405405405406,0.041666666666666664,0.0,0.0,0.0,0.0,7,7,0.08108108108108109,0.08333333333333333,3,2,8,4,8,3,2,1,0.25,0.25,5,2,0.03333333333333333,0.047619047619047616,0.1,0.14285714285714285,1,1,3,3,0,4,3,1,0.014285714285714284,0.042857142857142844,0,0,0,0
